ts,track_id,class,conf,world_x_ft,world_y_ft
1761746237,1,alien_maggie,0.5335149168968201,2.1680901050567627,-1.363062858581543
1761746237,1,alien_maggie,0.5933244228363037,2.183298110961914,-1.4879153966903687
1761746239,1,alien_maggie,0.32160940766334534,2.1479856967926025,-1.3753949403762817
1761746240,1,alien_maggie,0.2216820865869522,2.160642147064209,-1.3706891536712646
1761746245,3,cutebot,0.5026752948760986,0.8098400235176086,1.1316648721694946
1761746245,3,cutebot,0.5941420197486877,0.8063520789146423,1.127376914024353
1761746245,3,cutebot,0.41128402948379517,0.7920678853988647,1.1051679849624634
1761746246,3,cutebot,0.4525296986103058,0.7885969281196594,1.1010404825210571
1761746246,3,cutebot,0.5035390257835388,0.7991780638694763,1.133984923362732
1761746247,3,cutebot,0.508922815322876,0.7881538271903992,1.123334288597107
1761746247,3,cutebot,0.5379149913787842,0.7842770218849182,1.1232666969299316
1761746248,3,cutebot,0.4938148260116577,0.7846278548240662,1.1126115322113037
1761746248,3,cutebot,0.5188208222389221,0.7863604426383972,1.1156542301177979
1761746248,3,cutebot,0.608478307723999,0.7901738882064819,1.134522795677185
1761746249,3,cutebot,0.6177902221679688,0.7892908453941345,1.1355863809585571
1761746249,3,cutebot,0.5847396850585938,0.7887073755264282,1.1358906030654907
1761746250,3,cutebot,0.5844593048095703,0.8007234930992126,1.14541757106781
1761746250,3,cutebot,0.5903816819190979,0.804407000541687,1.1441818475723267
1761746250,3,cutebot,0.555029034614563,0.7977163791656494,1.1396957635879517
1761746251,3,cutebot,0.585623025894165,0.7940560579299927,1.132871150970459
1761746251,3,cutebot,0.5646578669548035,0.7924197316169739,1.1292115449905396
1761746252,3,cutebot,0.5685081481933594,0.7882669568061829,1.116376280784607
1761746252,3,cutebot,0.607052206993103,0.7858328223228455,1.1080042123794556
1761746253,3,cutebot,0.7285811305046082,0.781486451625824,1.1011708974838257
1761746253,3,cutebot,0.4871755838394165,0.7749655246734619,0.9920478463172913
1761746253,3,cutebot,0.4788091480731964,0.7468917965888977,0.9517028331756592
1761746254,3,cutebot,0.3296705484390259,0.7629786729812622,0.9829143285751343
1761746254,3,cutebot,0.2757774591445923,0.7607323527336121,0.9992725253105164
1761746257,3,cutebot,0.3134942650794983,0.7622328996658325,0.8745831847190857
1761746258,3,cutebot,0.32661697268486023,0.7632176876068115,0.8749014735221863
1761746258,3,cutebot,0.5554683208465576,0.7657257318496704,0.9382144212722778
1761746258,3,cutebot,0.5983582139015198,0.7644119262695312,0.9725066423416138
1761746259,3,cutebot,0.417743980884552,0.7634194493293762,0.9319350719451904
1761746259,3,cutebot,0.4162895083427429,0.7640056014060974,0.9433274865150452
1761746260,3,cutebot,0.5522894859313965,0.7608972191810608,0.9296002984046936
1761746260,3,cutebot,0.37118181586265564,0.7771945595741272,0.9606190323829651
1761746260,3,cutebot,0.37490323185920715,0.7837342619895935,0.9827504754066467
1761746261,3,cutebot,0.30528008937835693,0.7702606916427612,0.944981038570404
1761746262,3,cutebot,0.5538467168807983,0.6690051555633545,1.005326747894287
1761746263,3,cutebot,0.34423649311065674,0.6554616689682007,1.0158448219299316
1761746263,3,cutebot,0.48581981658935547,0.6572489142417908,0.9912423491477966
1761746264,3,cutebot,0.20735566318035126,0.6453795433044434,0.9635903835296631
1761746265,3,cutebot,0.519014298915863,0.6683202981948853,1.1159844398498535
1761746265,3,cutebot,0.6567447781562805,0.6673299074172974,1.1391957998275757
1761746266,3,cutebot,0.7253725528717041,0.6655725836753845,1.1429669857025146
1761746266,3,cutebot,0.6765757203102112,0.6685929894447327,1.152673363685608
1761746266,3,cutebot,0.6752049922943115,0.6664435267448425,1.1415343284606934
1761746267,3,cutebot,0.6818562150001526,0.667614758014679,1.1395708322525024
1761746267,3,cutebot,0.683549702167511,0.6743971109390259,1.1515798568725586
1761746268,3,cutebot,0.764061689376831,0.6718443036079407,1.1372843980789185
1761746268,6,alien_maggie,0.7066956758499146,2.1737775802612305,-1.37680983543396
1761746268,3,cutebot,0.6552555561065674,0.670037567615509,1.1491526365280151
1761746268,6,alien_maggie,0.5914377570152283,2.169279098510742,-1.3682286739349365
1761746268,3,cutebot,0.5517269968986511,0.6683019995689392,1.1607877016067505
1761746269,3,cutebot,0.4391765594482422,0.6750774383544922,1.1604807376861572
1761746269,6,alien_maggie,0.2912360429763794,2.1663331985473633,-1.3483065366744995
1761746269,3,cutebot,0.553455650806427,0.673479437828064,1.1646443605422974
1761746269,6,alien_maggie,0.46339571475982666,2.1642260551452637,-1.3413459062576294
1761746270,3,cutebot,0.630237340927124,0.6698790788650513,1.1594691276550293
1761746270,6,alien_maggie,0.3900749981403351,2.1626968383789062,-1.3417813777923584
1761746270,3,cutebot,0.5555411577224731,0.675085186958313,1.1628384590148926
1761746270,6,alien_maggie,0.37147268652915955,2.1660287380218506,-1.355983018875122
1761746271,3,cutebot,0.6214414238929749,0.6728246808052063,1.1619874238967896
1761746271,6,alien_maggie,0.47471654415130615,2.167506694793701,-1.3656644821166992
1761746271,3,cutebot,0.5975828170776367,0.6732168793678284,1.1754014492034912
1761746271,6,alien_maggie,0.558954119682312,2.1648528575897217,-1.3555285930633545
1761746271,3,cutebot,0.7326827645301819,0.670908510684967,1.1582757234573364
1761746272,3,cutebot,0.7329900860786438,0.6694363355636597,1.1523115634918213
1761746272,3,cutebot,0.6322152614593506,0.6696824431419373,1.1383284330368042
1761746273,3,cutebot,0.6581998467445374,0.6680334210395813,1.1308485269546509
1761746273,3,cutebot,0.6824352741241455,0.6659144759178162,1.1240350008010864
1761746273,3,cutebot,0.5517263412475586,0.6719205975532532,1.124727487564087
1761746274,3,cutebot,0.5903308391571045,0.6733536720275879,1.1217204332351685
1761746274,3,cutebot,0.5100532174110413,0.6723792552947998,1.119594931602478
1761746275,3,cutebot,0.5338911414146423,0.6700570583343506,1.1136807203292847
1761746275,3,cutebot,0.5152577757835388,0.6690549850463867,1.113144040107727
1761746276,3,cutebot,0.5490644574165344,0.6713392734527588,1.1207135915756226
1761746276,3,cutebot,0.5859609246253967,0.6724351048469543,1.1259429454803467
1761746276,3,cutebot,0.6081854104995728,0.6746748089790344,1.122893214225769
1761746277,3,cutebot,0.6340000629425049,0.6740107536315918,1.1229249238967896
1761746277,3,cutebot,0.6180371046066284,0.6741374135017395,1.1193310022354126
1761746278,3,cutebot,0.5782479047775269,0.6718433499336243,1.1277269124984741
1761746278,3,cutebot,0.5391915440559387,0.6695272326469421,1.125213861465454
1761746279,3,cutebot,0.48334091901779175,0.670164942741394,1.1256004571914673
1761746279,3,cutebot,0.5185244083404541,0.6698665618896484,1.1255321502685547
1761746279,3,cutebot,0.5115523934364319,0.6704119443893433,1.124128818511963
1761746280,3,cutebot,0.6099335551261902,0.6711165904998779,1.1182503700256348
1761746280,3,cutebot,0.6240907907485962,0.6704220175743103,1.113065242767334
1761746281,3,cutebot,0.5147628784179688,0.6685377359390259,1.1167221069335938
1761746281,3,cutebot,0.6053816080093384,0.6654441356658936,1.1171855926513672
1761746281,3,cutebot,0.6044291257858276,0.6650997400283813,1.1202595233917236
1761746282,3,cutebot,0.5993773341178894,0.6713566780090332,1.121638298034668
1761746282,3,cutebot,0.5914869904518127,0.6735497117042542,1.119920015335083
1761746283,3,cutebot,0.5690233111381531,0.6718021035194397,1.1216968297958374
1761746283,3,cutebot,0.6070126891136169,0.669857382774353,1.121044635772705
1761746284,3,cutebot,0.5895005464553833,0.6703816652297974,1.1214686632156372
1761746284,3,cutebot,0.5933051705360413,0.6685311198234558,1.1267955303192139
1761746284,3,cutebot,0.5909282565116882,0.6676273345947266,1.129818320274353
1761746285,3,cutebot,0.6283795237541199,0.669971764087677,1.1226966381072998
1761746285,3,cutebot,0.6089847087860107,0.6704907417297363,1.115645170211792
1761746286,3,cutebot,0.6025413274765015,0.6700851321220398,1.1109089851379395
1761746286,3,cutebot,0.47414469718933105,0.6658322811126709,1.1070948839187622
1761746286,3,cutebot,0.532961368560791,0.6659263372421265,1.1091734170913696
1761746287,3,cutebot,0.4756040871143341,0.6673162579536438,1.1132912635803223
1761746287,3,cutebot,0.6084319949150085,0.6701087951660156,1.1226893663406372
1761746287,3,cutebot,0.6305081248283386,0.6698130965232849,1.1225513219833374
1761746288,3,cutebot,0.5313112139701843,0.6695283055305481,1.1063863039016724
1761746289,3,cutebot,0.573737382888794,0.6683847308158875,1.1033222675323486
1761746289,3,cutebot,0.5929790735244751,0.6681308746337891,1.1055984497070312
1761746289,3,cutebot,0.5248535871505737,0.6704539656639099,1.1124837398529053
1761746290,3,cutebot,0.5228532552719116,0.6721118092536926,1.1151020526885986
1761746290,3,cutebot,0.5170890688896179,0.6697871088981628,1.1115702390670776
1761746290,3,cutebot,0.533809244632721,0.6677215695381165,1.1091331243515015
1761746291,3,cutebot,0.4158880412578583,0.669634997844696,1.11064612865448
1761746291,3,cutebot,0.6201460361480713,0.6683049201965332,1.114914894104004
1761746292,3,cutebot,0.5944515466690063,0.667695164680481,1.1159383058547974
1761746292,3,cutebot,0.6061298847198486,0.6672564744949341,1.116355299949646
1761746292,3,cutebot,0.5950396060943604,0.6674059629440308,1.1167056560516357
1761746293,3,cutebot,0.4869803190231323,0.6739397048950195,1.1136058568954468
1761746293,3,cutebot,0.49938514828681946,0.6772651672363281,1.111830711364746
1761746293,3,cutebot,0.48049354553222656,0.6679458618164062,1.098594069480896
1761746294,3,cutebot,0.50295490026474,0.6637873649597168,1.0899678468704224
1761746294,3,cutebot,0.5335391759872437,0.6627433896064758,1.0889601707458496
1761746294,3,cutebot,0.5324358940124512,0.6692374348640442,1.1081410646438599
1761746295,3,cutebot,0.48296546936035156,0.6726794838905334,1.112489104270935
1761746295,3,cutebot,0.4897638261318207,0.6732752323150635,1.1135133504867554
1761746296,3,cutebot,0.4892391562461853,0.6727110743522644,1.1126142740249634
1761746296,3,cutebot,0.533193826675415,0.6719945073127747,1.115429401397705
1761746296,3,cutebot,0.5907449126243591,0.6683717370033264,1.1121505498886108
1761746297,3,cutebot,0.5418118238449097,0.668350875377655,1.1104947328567505
1761746297,3,cutebot,0.595024585723877,0.6695766448974609,1.1120980978012085
1761746298,3,cutebot,0.5678739547729492,0.6689550876617432,1.1149789094924927
1761746298,3,cutebot,0.5520833730697632,0.6678031086921692,1.1161473989486694
1761746298,3,cutebot,0.5991788506507874,0.6693150401115417,1.1202479600906372
1761746299,3,cutebot,0.6630595922470093,0.6690148115158081,1.1217706203460693
1761746299,3,cutebot,0.6555505394935608,0.6686713695526123,1.1208535432815552
1761746300,3,cutebot,0.5802478194236755,0.6765711307525635,1.1174676418304443
1761746300,3,cutebot,0.5713564157485962,0.6802516579627991,1.1183894872665405
1761746300,3,cutebot,0.6487489342689514,0.6763955354690552,1.1229751110076904
1761746301,3,cutebot,0.6016721129417419,0.6731717586517334,1.122085452079773
1761746301,3,cutebot,0.6088089942932129,0.6716046929359436,1.1209369897842407
1761746302,3,cutebot,0.4828569293022156,0.6667859554290771,1.1073782444000244
1761746302,3,cutebot,0.4705982804298401,0.6665725708007812,1.1028192043304443
1761746303,3,cutebot,0.5754817724227905,0.6670330762863159,1.1169383525848389
1761746303,3,cutebot,0.5781003832817078,0.6681244969367981,1.1247549057006836
1761746303,3,cutebot,0.5865699052810669,0.6670113801956177,1.1229552030563354
1761746304,3,cutebot,0.5991107821464539,0.6688475608825684,1.1295593976974487
1761746304,3,cutebot,0.5962627530097961,0.6697937250137329,1.1316906213760376
1761746305,3,cutebot,0.496623694896698,0.671814501285553,1.1315319538116455
1761746305,3,cutebot,0.5682580471038818,0.6722118258476257,1.1337486505508423
1761746305,3,cutebot,0.5483648777008057,0.673083484172821,1.1345322132110596
1761746306,3,cutebot,0.5693160891532898,0.6721919775009155,1.1273623704910278
1761746306,3,cutebot,0.561721682548523,0.6716773509979248,1.1255810260772705
1761746306,3,cutebot,0.5347129702568054,0.672286868095398,1.1262116432189941
1761746307,3,cutebot,0.5457674860954285,0.671847939491272,1.1272304058074951
1761746307,3,cutebot,0.5704984068870544,0.6729187369346619,1.128232479095459
1761746308,3,cutebot,0.5197726488113403,0.6719359755516052,1.1170238256454468
1761746308,3,cutebot,0.5186552405357361,0.6691051125526428,1.1099947690963745
1761746308,3,cutebot,0.5263747572898865,0.668117880821228,1.1064056158065796
1761746309,3,cutebot,0.517822802066803,0.6707807779312134,1.1152684688568115
1761746309,3,cutebot,0.5760639905929565,0.6735567450523376,1.119795322418213
1761746310,3,cutebot,0.6009078621864319,0.6737405061721802,1.1257416009902954
1761746310,3,cutebot,0.5279772281646729,0.6729702949523926,1.1192468404769897
1761746311,3,cutebot,0.5201961994171143,0.6736539602279663,1.117261290550232
1761746311,3,cutebot,0.5237974524497986,0.6689863204956055,1.102188229560852
1761746311,3,cutebot,0.5598453879356384,0.666582465171814,1.0980151891708374
1761746312,3,cutebot,0.5070306658744812,0.6679511666297913,1.104514479637146
1761746312,3,cutebot,0.4758957028388977,0.6677547693252563,1.1092740297317505
1761746313,3,cutebot,0.5497443675994873,0.6696826815605164,1.1222549676895142
1761746313,3,cutebot,0.5322350263595581,0.6692131757736206,1.120111107826233
1761746313,3,cutebot,0.5301754474639893,0.6699532270431519,1.1142230033874512
1761746314,3,cutebot,0.5111075639724731,0.6708810329437256,1.1132737398147583
1761746314,3,cutebot,0.5078945159912109,0.6723252534866333,1.1127269268035889
1761746315,3,cutebot,0.5336496829986572,0.6706036925315857,1.1094342470169067
1761746315,3,cutebot,0.4157726764678955,0.6700121164321899,1.1136844158172607
1761746315,3,cutebot,0.502106249332428,0.6688290238380432,1.1153303384780884
1761746316,3,cutebot,0.4985978603363037,0.6703266501426697,1.1168872117996216
1761746316,3,cutebot,0.5800154209136963,0.6736147999763489,1.1222755908966064
1761746316,3,cutebot,0.6128180623054504,0.6708498597145081,1.1190919876098633
1761746317,3,cutebot,0.6003028750419617,0.6696609854698181,1.1182727813720703
1761746317,3,cutebot,0.6080284714698792,0.6685289144515991,1.1179312467575073
1761746318,3,cutebot,0.6096934080123901,0.6680231094360352,1.1179970502853394
1761746318,3,cutebot,0.6124837398529053,0.6672164797782898,1.1082431077957153
1761746318,3,cutebot,0.6113662123680115,0.6687591075897217,1.116437554359436
1761746319,3,cutebot,0.6161852478981018,0.6704795956611633,1.1192518472671509
1761746319,3,cutebot,0.5566332340240479,0.6728909611701965,1.1240051984786987
1761746320,3,cutebot,0.5965426564216614,0.674282968044281,1.1266506910324097
1761746320,3,cutebot,0.5144426226615906,0.6724297404289246,1.1188446283340454
1761746320,3,cutebot,0.4968871474266052,0.6716763377189636,1.1152912378311157
1761746321,3,cutebot,0.5129525065422058,0.6716985106468201,1.1141653060913086
1761746321,3,cutebot,0.5293466448783875,0.6779202222824097,1.1290205717086792
1761746322,3,cutebot,0.5275508761405945,0.6772129535675049,1.1312397718429565
1761746322,3,cutebot,0.5352458357810974,0.6764826774597168,1.12796151638031
1761746322,3,cutebot,0.5840097665786743,0.6702006459236145,1.1241273880004883
1761746323,3,cutebot,0.5987550616264343,0.6681797504425049,1.1201493740081787
1761746323,3,cutebot,0.6091026663780212,0.6680620908737183,1.1184264421463013
1761746324,3,cutebot,0.5933963060379028,0.6680421829223633,1.117641568183899
1761746324,3,cutebot,0.5682153105735779,0.6692114472389221,1.1152280569076538
1761746324,3,cutebot,0.5830420255661011,0.668630838394165,1.121226191520691
1761746325,3,cutebot,0.5557031035423279,0.6746928691864014,1.1218276023864746
1761746325,3,cutebot,0.5908672213554382,0.6759071350097656,1.1225112676620483
1761746325,3,cutebot,0.6047461628913879,0.6799941062927246,1.1181412935256958
1761746326,3,cutebot,0.5958965420722961,0.680374801158905,1.117026448249817
1761746326,3,cutebot,0.5465475916862488,0.680210292339325,1.1153416633605957
1761746326,3,cutebot,0.5307971835136414,0.6736223697662354,1.1138461828231812
1761746327,3,cutebot,0.5312435030937195,0.6719205379486084,1.1160720586776733
1761746327,3,cutebot,0.4520624279975891,0.6722691059112549,1.1123110055923462
1761746328,3,cutebot,0.5744848847389221,0.672620952129364,1.11491858959198
1761746328,3,cutebot,0.5586555004119873,0.6718812584877014,1.115121841430664
1761746328,3,cutebot,0.5649121403694153,0.6715864539146423,1.11456298828125
1761746329,3,cutebot,0.5639779567718506,0.6710513830184937,1.1142579317092896
1761746329,3,cutebot,0.526315450668335,0.6719546318054199,1.1094855070114136
1761746330,3,cutebot,0.5227737426757812,0.6725723743438721,1.1080374717712402
1761746330,3,cutebot,0.5331929326057434,0.6727821826934814,1.1084529161453247
1761746330,3,cutebot,0.5155162215232849,0.672477126121521,1.1081485748291016
1761746331,3,cutebot,0.5483237504959106,0.6730698943138123,1.121390461921692
1761746331,3,cutebot,0.5713046193122864,0.6728357672691345,1.1253246068954468
1761746331,3,cutebot,0.5866217613220215,0.6736090183258057,1.1281734704971313
1761746332,3,cutebot,0.5408876538276672,0.6700813174247742,1.121933102607727
1761746332,3,cutebot,0.5420788526535034,0.6698371171951294,1.1231358051300049
1761746332,3,cutebot,0.5649796724319458,0.6700842380523682,1.1202735900878906
1761746333,3,cutebot,0.6274837255477905,0.670795738697052,1.1265215873718262
1761746333,3,cutebot,0.6255413293838501,0.6718716025352478,1.1285067796707153
1761746333,3,cutebot,0.6284798383712769,0.6721749901771545,1.1288249492645264
1761746334,3,cutebot,0.6196046471595764,0.6739546060562134,1.131359338760376
1761746334,3,cutebot,0.5923604369163513,0.6730324029922485,1.1262465715408325
1761746334,3,cutebot,0.5909671187400818,0.6728183627128601,1.1233961582183838
1761746335,3,cutebot,0.5953126549720764,0.6722170114517212,1.122503638267517
1761746335,3,cutebot,0.592256486415863,0.6723425388336182,1.1224323511123657
1761746335,3,cutebot,0.6036900281906128,0.6719198822975159,1.123756766319275
1761746336,3,cutebot,0.6024098992347717,0.6735730171203613,1.1232753992080688
1761746336,3,cutebot,0.5769829154014587,0.669382631778717,1.1128545999526978
1761746337,3,cutebot,0.526340663433075,0.6679123044013977,1.1099059581756592
1761746337,3,cutebot,0.6424133777618408,0.6707031726837158,1.1111071109771729
1761746337,3,cutebot,0.6746901869773865,0.6699368953704834,1.110256552696228
1761746338,3,cutebot,0.6691650152206421,0.670677900314331,1.1079704761505127
1761746338,3,cutebot,0.6358476281166077,0.6713365912437439,1.107736349105835
1761746339,3,cutebot,0.6286754608154297,0.6710734367370605,1.1062177419662476
1761746339,3,cutebot,0.4768255054950714,0.6784576177597046,1.1249445676803589
1761746339,3,cutebot,0.4845464825630188,0.6804364919662476,1.1302249431610107
1761746340,3,cutebot,0.4860866367816925,0.6804287433624268,1.1270012855529785
1761746340,3,cutebot,0.590655505657196,0.6756035089492798,1.1082024574279785
1761746340,3,cutebot,0.5791877508163452,0.6714947819709778,1.0996685028076172
1761746341,3,cutebot,0.602104902267456,0.6683921813964844,1.106703519821167
1761746341,3,cutebot,0.6273216605186462,0.6659284234046936,1.1024914979934692
1761746342,3,cutebot,0.6180883049964905,0.6646662950515747,1.1008522510528564
1761746342,3,cutebot,0.6068234443664551,0.6645742058753967,1.1020605564117432
1761746342,3,cutebot,0.5517839193344116,0.6678647994995117,1.1131969690322876
1761746349,8,cutebot,0.30678150057792664,0.9781264066696167,1.2157235145568848
1761746352,8,cutebot,0.2594631016254425,0.979080319404602,1.2174873352050781
1761746353,8,cutebot,0.2208625227212906,0.9790736436843872,1.2237919569015503
1761746353,8,cutebot,0.2185794562101364,0.9793391227722168,1.2208119630813599
1761746355,8,cutebot,0.25666356086730957,0.9798586964607239,1.2200602293014526
1761746360,8,cutebot,0.29140809178352356,0.9764890074729919,1.2114145755767822
1761746361,8,cutebot,0.21917034685611725,0.9755001068115234,1.2122581005096436
1761746361,8,cutebot,0.25584766268730164,0.9753890037536621,1.2132624387741089
1761746364,8,cutebot,0.27412259578704834,0.9793432354927063,1.225867509841919
1761746375,8,cutebot,0.25166216492652893,0.9803125858306885,1.2206134796142578
1761746375,8,cutebot,0.227264404296875,0.9803484678268433,1.2201875448226929
1761746376,8,cutebot,0.24880261719226837,0.9808484315872192,1.2230898141860962
1761746379,8,cutebot,0.40062034130096436,0.9773827791213989,1.2279249429702759
1761746379,8,cutebot,0.3847119212150574,0.9768891930580139,1.2279253005981445
1761746380,8,cutebot,0.3452698886394501,0.977412223815918,1.2291874885559082
1761746380,8,cutebot,0.29233458638191223,0.9758184552192688,1.2172194719314575
1761746381,8,cutebot,0.252101331949234,0.9757272005081177,1.2152132987976074
1761746381,8,cutebot,0.30221498012542725,0.9768983125686646,1.219642996788025
1761746382,8,cutebot,0.33109357953071594,0.978346586227417,1.2198129892349243
1761746382,8,cutebot,0.2849438190460205,0.978625476360321,1.2197073698043823
1761746385,8,cutebot,0.293559193611145,0.9799641966819763,1.2241724729537964
1761746820,1,cutebot,0.5012087225914001,0.8017351031303406,1.156078577041626
1761746821,1,cutebot,0.5024029612541199,0.801271378993988,1.1511569023132324
1761746821,1,cutebot,0.5566715598106384,0.7997756004333496,1.141598105430603
1761746821,1,cutebot,0.5852257013320923,0.8008010387420654,1.1433916091918945
1761746822,1,cutebot,0.5719274878501892,0.8021056056022644,1.1527994871139526
1761746822,1,cutebot,0.4781093895435333,0.7954625487327576,1.1403223276138306
1761746822,1,cutebot,0.5526106357574463,0.7951810359954834,1.1396880149841309
1761746823,1,cutebot,0.5624383091926575,0.7954788208007812,1.1412768363952637
1761746823,1,cutebot,0.5724121332168579,0.7954118847846985,1.142014503479004
1761746823,1,cutebot,0.6348015069961548,0.7982506155967712,1.1455689668655396
1761746824,1,cutebot,0.620499849319458,0.7987335324287415,1.1434729099273682
1761746824,1,cutebot,0.4959656298160553,0.7990246415138245,1.1406797170639038
1761746824,1,cutebot,0.5387529134750366,0.7993465662002563,1.1429165601730347
1761746825,1,cutebot,0.5204325318336487,0.8002434968948364,1.1471261978149414
1761746825,1,cutebot,0.6048563122749329,0.7967033982276917,1.1517760753631592
1761746826,1,cutebot,0.5630975365638733,0.7976108193397522,1.1588175296783447
1761746826,1,cutebot,0.5940823554992676,0.7975826263427734,1.1540547609329224
1761746826,1,cutebot,0.5591232180595398,0.7977311611175537,1.1519895792007446
1761746827,1,cutebot,0.6314979195594788,0.7978208661079407,1.1481659412384033
1761746827,1,cutebot,0.5471453666687012,0.7958277463912964,1.1384996175765991
1761746828,1,cutebot,0.5903719663619995,0.7964233160018921,1.1352736949920654
1761746828,1,cutebot,0.5951932072639465,0.7962284088134766,1.1290369033813477
1761746828,1,cutebot,0.5824589133262634,0.7988638877868652,1.136244535446167
1761746829,1,cutebot,0.6189818382263184,0.8006089329719543,1.1429795026779175
1761746829,1,cutebot,0.617411732673645,0.8013151288032532,1.1456072330474854
1761746829,1,cutebot,0.6092252135276794,0.8017796277999878,1.1457750797271729
1761746830,1,cutebot,0.5562313795089722,0.8012094497680664,1.1543724536895752
1761746830,1,cutebot,0.6187373995780945,0.797392725944519,1.1549944877624512
1761746831,1,cutebot,0.6022124290466309,0.7940312623977661,1.1464813947677612
1761746831,1,cutebot,0.6002399921417236,0.7924960851669312,1.1384433507919312
1761746831,1,cutebot,0.5936840176582336,0.792394757270813,1.1434742212295532
1761746832,1,cutebot,0.6311545372009277,0.7930423021316528,1.144494652748108
1761746832,1,cutebot,0.4965329170227051,0.7935287356376648,1.1417138576507568
1761746833,1,cutebot,0.5212350487709045,0.79200279712677,1.1345239877700806
1761746833,1,cutebot,0.650754988193512,0.7976635098457336,1.154766321182251
1761746834,1,cutebot,0.6517548561096191,0.7992174625396729,1.1608946323394775
1761746834,1,cutebot,0.6090623736381531,0.7989788055419922,1.1573195457458496
1761746835,1,cutebot,0.5520553588867188,0.7982913851737976,1.1592062711715698
1761746835,1,cutebot,0.5862613320350647,0.796597957611084,1.1579068899154663
1761746836,1,cutebot,0.592841386795044,0.802142322063446,1.1687434911727905
1761746836,1,cutebot,0.5596923828125,0.8027535676956177,1.164501428604126
1761746836,1,cutebot,0.4862850606441498,0.8024196028709412,1.1585983037948608
1761746837,1,cutebot,0.47106611728668213,0.8028958439826965,1.1525160074234009
1761746837,1,cutebot,0.4889575242996216,0.8004119992256165,1.1422959566116333
1761746838,1,cutebot,0.6723074316978455,0.7988205552101135,1.1442400217056274
1761746838,1,cutebot,0.6654892563819885,0.7984127998352051,1.1454874277114868
1761746839,1,cutebot,0.6585831642150879,0.7979883551597595,1.144291639328003
1761746839,1,cutebot,0.5141807794570923,0.800421416759491,1.1547006368637085
1761746839,1,cutebot,0.5822259783744812,0.8008817434310913,1.1538043022155762
1761746840,1,cutebot,0.561811089515686,0.799243152141571,1.1512746810913086
1761746840,1,cutebot,0.5242264866828918,0.7987740635871887,1.1519395112991333
1761746841,1,cutebot,0.423766553401947,0.7952621579170227,1.148880124092102
1761746841,1,cutebot,0.48761677742004395,0.7943722009658813,1.1416901350021362
1761746841,1,cutebot,0.528178870677948,0.7944583296775818,1.1390718221664429
1761746842,1,cutebot,0.5182695388793945,0.7966632843017578,1.1383203268051147
1761746842,1,cutebot,0.542306125164032,0.7982878088951111,1.1380270719528198
1761746843,1,cutebot,0.6522476673126221,0.8000572919845581,1.1540969610214233
1761746843,1,cutebot,0.6402794718742371,0.8013495802879333,1.1577513217926025
1761746843,1,cutebot,0.6642425060272217,0.8012906908988953,1.152699589729309
1761746844,1,cutebot,0.6066405773162842,0.8010342717170715,1.1668343544006348
1761746844,1,cutebot,0.6265344619750977,0.8006008863449097,1.1679999828338623
1761746845,1,cutebot,0.577871561050415,0.8014088273048401,1.1703797578811646
1761746845,1,cutebot,0.5792849063873291,0.8006179928779602,1.1645537614822388
1761746845,1,cutebot,0.5516189932823181,0.7995618581771851,1.1591119766235352
1761746846,1,cutebot,0.5053259134292603,0.798433780670166,1.1509522199630737
1761746846,1,cutebot,0.4763234257698059,0.7980805039405823,1.14303719997406
1761746847,1,cutebot,0.6681573987007141,0.7977879047393799,1.1458446979522705
1761746847,1,cutebot,0.6164763569831848,0.7982474565505981,1.142650842666626
1761746847,1,cutebot,0.6092392802238464,0.799075186252594,1.1400980949401855
1761746848,1,cutebot,0.5435056686401367,0.7988976836204529,1.144532322883606
1761746848,1,cutebot,0.5479971766471863,0.8007161021232605,1.1444746255874634
1761746849,1,cutebot,0.607953667640686,0.7986111640930176,1.1495176553726196
1761746849,1,cutebot,0.5974846482276917,0.797947883605957,1.1535553932189941
1761746849,1,cutebot,0.6230879426002502,0.799167811870575,1.150567889213562
1761746850,1,cutebot,0.637089729309082,0.7997176647186279,1.154360294342041
1761746850,1,cutebot,0.6130050420761108,0.7993151545524597,1.1540032625198364
1761746850,1,cutebot,0.6204475164413452,0.79876309633255,1.1524600982666016
1761746851,1,cutebot,0.6271706223487854,0.7980647683143616,1.1509485244750977
1761746851,1,cutebot,0.6466215252876282,0.7972794771194458,1.145350456237793
1761746852,1,cutebot,0.5427330136299133,0.7973756790161133,1.149599552154541
1761746852,1,cutebot,0.5669960379600525,0.7968341708183289,1.1513315439224243
1761746852,1,cutebot,0.5673207640647888,0.7971197962760925,1.152895450592041
1761746853,1,cutebot,0.5388758778572083,0.7976586222648621,1.1526116132736206
1761746853,1,cutebot,0.5640469789505005,0.7968762516975403,1.1519043445587158
1761746854,1,cutebot,0.5474447011947632,0.7963252067565918,1.1488374471664429
1761746854,1,cutebot,0.622961163520813,0.7974720597267151,1.1506596803665161
1761746854,1,cutebot,0.60616135597229,0.7979844212532043,1.1543397903442383
1761746855,1,cutebot,0.4585382044315338,0.7958765029907227,1.140648365020752
1761746855,1,cutebot,0.4619698226451874,0.7965028285980225,1.1394755840301514
1761746856,1,cutebot,0.5195542573928833,0.7977110147476196,1.1411951780319214
1761746856,1,cutebot,0.51957768201828,0.7977398633956909,1.1322405338287354
1761746857,1,cutebot,0.5293332934379578,0.7953923940658569,1.1226685047149658
1761746857,1,cutebot,0.5855842232704163,0.796205997467041,1.1415470838546753
1761746857,1,cutebot,0.5516946911811829,0.7961206436157227,1.1443068981170654
1761746858,1,cutebot,0.545921266078949,0.796080470085144,1.1456178426742554
1761746858,1,cutebot,0.6161295771598816,0.7989155650138855,1.1611484289169312
1761746859,1,cutebot,0.6181384921073914,0.7990955710411072,1.1609734296798706
1761746859,1,cutebot,0.599007248878479,0.7964935898780823,1.13935124874115
1761746859,1,cutebot,0.6046348214149475,0.795872688293457,1.1358944177627563
1761746860,1,cutebot,0.6168310046195984,0.7957598567008972,1.1343092918395996
1761746860,1,cutebot,0.5399726629257202,0.7926263809204102,1.1342012882232666
1761746861,1,cutebot,0.5956705808639526,0.7936253547668457,1.1449921131134033
1761746861,1,cutebot,0.6048422455787659,0.7968283295631409,1.1609563827514648
1761746862,1,cutebot,0.6432076692581177,0.7971844673156738,1.1602379083633423
1761746862,1,cutebot,0.24909378588199615,0.8096017241477966,1.1664327383041382
1761828862,1,cutebot,0.7379461526870728,1.2896175384521484,0.9957780838012695
1761828864,1,cutebot,0.744899570941925,1.289444923400879,1.0004851818084717
1761828864,1,cutebot,0.7514392733573914,1.2887827157974243,0.9950573444366455
1761828865,1,cutebot,0.7446247339248657,1.2885550260543823,0.9926917552947998
1761828865,1,cutebot,0.7455182075500488,1.2884800434112549,0.9902235269546509
1761828866,1,cutebot,0.7377561926841736,1.2880228757858276,0.9899488687515259
1761828867,1,cutebot,0.734102725982666,1.2879958152770996,0.9903961420059204
1761828867,1,cutebot,0.7385649085044861,1.2879968881607056,0.9880370497703552
1761828868,1,cutebot,0.7437798380851746,1.2879164218902588,0.9871606230735779
1761828868,1,cutebot,0.7417858242988586,1.2879443168640137,0.9865449666976929
1761828868,1,cutebot,0.7501717209815979,1.288068413734436,0.9857590794563293
1761828869,1,cutebot,0.7571174502372742,1.288404941558838,0.9833376407623291
1761828869,1,cutebot,0.7569632530212402,1.2884281873703003,0.9811915755271912
1761828870,1,cutebot,0.7513856291770935,1.288565754890442,0.979799211025238
1761828870,1,cutebot,0.7346343398094177,1.2887606620788574,0.9769994616508484
1761828870,1,cutebot,0.7121702432632446,1.2880001068115234,0.9189755916595459
1761828871,1,cutebot,0.7075875401496887,1.287758708000183,0.894837498664856
1761828871,1,cutebot,0.6999230980873108,1.288196325302124,0.874591052532196
1761828872,1,cutebot,0.7047913074493408,1.2884377241134644,0.8862032890319824
1761828902,1,cutebot,0.7073162794113159,1.2886435985565186,0.9530130624771118
1761828932,1,cutebot,0.7092317342758179,1.2887235879898071,0.9767348766326904
1761828933,1,cutebot,0.7088838815689087,1.2884353399276733,0.9871641993522644
1761828933,1,cutebot,0.7018592357635498,1.2884039878845215,0.9287543296813965
1761828934,1,cutebot,0.7052163481712341,1.2884694337844849,0.9681732058525085
1761828934,1,cutebot,0.7068166136741638,1.2881625890731812,0.9806534051895142
1761828934,1,cutebot,0.7228197455406189,1.2879310846328735,0.983450174331665
1761828935,1,cutebot,0.7159509062767029,1.2884013652801514,0.9951366782188416
1761840382,1,cutebot,0.9225130081176758,0.4395020604133606,2.013956069946289
1761840383,1,cutebot,0.9223247170448303,0.4396373927593231,2.013908624649048
1761840383,1,cutebot,0.922486424446106,0.4394165873527527,2.0135886669158936
1761840384,1,cutebot,0.9240037798881531,0.44035211205482483,2.014737606048584
1761840384,1,cutebot,0.9248003959655762,0.4389658570289612,2.0162880420684814
1761840384,1,cutebot,0.9257978200912476,0.4396374821662903,2.0173256397247314
1761840385,1,cutebot,0.9277623295783997,0.4389535188674927,2.017439365386963
1761840385,1,cutebot,0.9285244941711426,0.440562903881073,2.0142409801483154
1761840385,1,cutebot,0.9277864694595337,0.44147107005119324,2.0135114192962646
1761840386,1,cutebot,0.9260122776031494,0.4392464756965637,2.0156877040863037
1761840386,1,cutebot,0.9265062808990479,0.43940532207489014,2.0160634517669678
1761840386,1,cutebot,0.9276687502861023,0.44215667247772217,2.015636920928955
1761840387,1,cutebot,0.9274614453315735,0.4433206021785736,2.015554189682007
1761840387,1,cutebot,0.9272801280021667,0.4438289999961853,2.015501022338867
1761840388,1,cutebot,0.9272885322570801,0.4437161982059479,2.0154006481170654
1761840388,1,cutebot,0.9277797937393188,0.4430104196071625,2.0165674686431885
1761840388,1,cutebot,0.9278369545936584,0.43850165605545044,2.0173795223236084
1761840389,1,cutebot,0.9318224787712097,0.435994416475296,2.015575647354126
1761840389,1,cutebot,0.9327436089515686,0.4365870952606201,2.0148792266845703
1761840389,1,cutebot,0.933552622795105,0.43758684396743774,2.0167551040649414
1761840390,1,cutebot,0.9353342652320862,0.43884551525115967,2.015388250350952
1761840390,1,cutebot,0.9354035258293152,0.4399716854095459,2.012498140335083
1761840391,1,cutebot,0.9346111416816711,0.442616730928421,2.015671491622925
1761840391,1,cutebot,0.9321035742759705,0.44238796830177307,2.0180838108062744
1761840391,1,cutebot,0.9031460881233215,0.4477202296257019,1.993839979171753
1761840392,1,cutebot,0.8961317539215088,0.45148271322250366,1.978096604347229
1761840392,1,cutebot,0.8596433401107788,0.58289635181427,1.7602119445800781
1761840393,2,cutebot,0.8311858177185059,1.1465990543365479,0.9840096831321716
1761840393,2,cutebot,0.8029559254646301,1.3424649238586426,0.8688385486602783
1761840394,2,cutebot,0.7992039918899536,1.6276657581329346,0.7620516419410706
1761840394,2,cutebot,0.8548978567123413,1.906805396080017,0.6857180595397949
1761840394,2,cutebot,0.897388756275177,2.190215587615967,0.647205114364624
1761840395,2,cutebot,0.8985021114349365,2.4607484340667725,0.7355958819389343
1761840395,2,cutebot,0.875717043876648,2.5276589393615723,0.9047617316246033
1761840396,2,cutebot,0.9149715900421143,2.454714298248291,1.1425162553787231
1761840396,2,cutebot,0.9280562996864319,2.282229423522949,1.3386366367340088
1761840396,2,cutebot,0.9208070039749146,2.0803184509277344,1.4246631860733032
1761840397,2,cutebot,0.9280182123184204,1.8283880949020386,1.4942405223846436
1761840397,2,cutebot,0.9509089589118958,1.5556846857070923,1.5349390506744385
1761840398,1,cutebot,0.9455108046531677,1.14617121219635,1.5924915075302124
1761840398,1,cutebot,0.9384652972221375,0.9392556548118591,1.7280246019363403
1761840399,1,cutebot,0.9501386880874634,0.7384285926818848,1.8407396078109741
1761840399,1,cutebot,0.8721287846565247,0.505366325378418,2.054072856903076
1761840400,1,cutebot,0.8402280211448669,0.35488641262054443,2.261841058731079
1761840400,1,cutebot,0.908337414264679,0.29695412516593933,2.4492437839508057
1761840400,1,cutebot,0.9166075587272644,0.28958645462989807,2.618875741958618
1761840401,1,cutebot,0.7426844835281372,0.3003542721271515,2.656315565109253
1761840401,1,cutebot,0.5746179819107056,0.40553808212280273,2.6325409412384033
1761840402,1,cutebot,0.8421630859375,0.508658230304718,2.723766326904297
1761840402,1,cutebot,0.7540125846862793,0.537401020526886,2.7579469680786133
1761840403,1,cutebot,0.6195866465568542,0.534423291683197,2.780151605606079
1761840403,1,cutebot,0.6857513189315796,0.5448123812675476,2.777712345123291
1761840403,1,cutebot,0.8115497827529907,0.5451253652572632,2.7355897426605225
1761840405,2,cutebot,0.5648853778839111,2.0823309421539307,2.578242540359497
1761840413,5,cutebot,0.32934004068374634,1.9241406917572021,2.5842783451080322
1761840413,5,cutebot,0.32979491353034973,1.9233372211456299,2.5851709842681885
1761840414,5,cutebot,0.3632422089576721,1.9284330606460571,2.5826919078826904
1761840414,5,cutebot,0.31358954310417175,1.928123116493225,2.5831050872802734
1761840415,5,cutebot,0.3068477213382721,1.9269226789474487,2.5814950466156006
1761840415,5,cutebot,0.25089776515960693,1.9269145727157593,2.58231782913208
1761840415,5,cutebot,0.2469189167022705,1.926466464996338,2.583056926727295
1761840416,5,cutebot,0.2606155276298523,1.9277865886688232,2.5826423168182373
1761840416,5,cutebot,0.2953428328037262,1.9297808408737183,2.5824856758117676
1761840417,5,cutebot,0.32707640528678894,1.9277149438858032,2.5847504138946533
1761840417,5,cutebot,0.37509292364120483,1.9293196201324463,2.5857608318328857
1761840417,5,cutebot,0.32021364569664,1.9266936779022217,2.586092710494995
1761840418,5,cutebot,0.3219170868396759,1.9252500534057617,2.586674213409424
1761840418,5,cutebot,0.3308814465999603,1.9240305423736572,2.5869455337524414
1761840419,5,cutebot,0.3348988890647888,1.9244023561477661,2.5884289741516113
1761840419,5,cutebot,0.21331657469272614,1.9232916831970215,2.585235357284546
1761840451,5,cutebot,0.9138215780258179,2.290095567703247,2.280531167984009
1761840482,5,cutebot,0.9248363375663757,2.3264026641845703,2.236992835998535
1761840482,5,cutebot,0.9263684153556824,2.3381881713867188,2.226508378982544
1761840482,5,cutebot,0.94663405418396,2.352689743041992,2.1206297874450684
1761840972,cutebot_singleton,cutebot,0.6166562438011169,0.4320654273033142,1.247059941291809
1761840973,cutebot_singleton,cutebot,0.6212795376777649,0.432125985622406,1.247444748878479
1761840974,cutebot_singleton,cutebot,0.6287033557891846,0.4318399131298065,1.2476701736450195
1761840974,cutebot_singleton,cutebot,0.627230167388916,0.4323452413082123,1.2479548454284668
1761840975,cutebot_singleton,cutebot,0.6331445574760437,0.4322233498096466,1.2476967573165894
1761840975,cutebot_singleton,cutebot,0.6376449465751648,0.4321129620075226,1.2479052543640137
1761840975,cutebot_singleton,cutebot,0.61050945520401,0.43201565742492676,1.2478456497192383
1761840976,cutebot_singleton,cutebot,0.6231968402862549,0.43242424726486206,1.2482714653015137
1761840976,cutebot_singleton,cutebot,0.6137000918388367,0.43256503343582153,1.2485491037368774
1761841006,cutebot_singleton,cutebot,0.614181637763977,0.4323835074901581,1.2487812042236328
1761841037,cutebot_singleton,cutebot,0.6197527050971985,0.43262720108032227,1.2490564584732056
1761841037,cutebot_singleton,cutebot,0.6223926544189453,0.43269631266593933,1.2491689920425415
1761841037,cutebot_singleton,cutebot,0.6424534320831299,0.4331592917442322,1.2495344877243042
1761841092,cutebot_singleton,cutebot,0.9223015308380127,0.7848732471466064,1.0496996641159058
1761841093,cutebot_singleton,cutebot,0.9219747185707092,0.7848349213600159,1.0495916604995728
1761841094,cutebot_singleton,cutebot,0.921815812587738,0.7841410040855408,1.051401972770691
1761841094,cutebot_singleton,cutebot,0.9208546876907349,0.783231794834137,1.047446846961975
1761841095,cutebot_singleton,cutebot,0.9126842617988586,0.7815931439399719,1.0406841039657593
1761841095,cutebot_singleton,cutebot,0.9084146618843079,0.7838882803916931,1.0477094650268555
1761841095,cutebot_singleton,cutebot,0.879286527633667,0.794336199760437,1.037212610244751
1761841096,cutebot_singleton,cutebot,0.8903636336326599,0.8120868802070618,1.0285093784332275
1761841096,cutebot_singleton,cutebot,0.8856046795845032,0.8199110627174377,1.0265395641326904
1761841096,cutebot_singleton,cutebot,0.815639078617096,0.8146180510520935,1.04395592212677
1761841097,cutebot_singleton,cutebot,0.8301534056663513,0.7928985953330994,1.06751549243927
1761841097,cutebot_singleton,cutebot,0.7813873887062073,0.7397988438606262,1.0584553480148315
1761841097,cutebot_singleton,cutebot,0.7775572538375854,0.6779950261116028,1.0636496543884277
1761841098,cutebot_singleton,cutebot,0.7861848473548889,0.6418711543083191,1.0539530515670776
1761841098,cutebot_singleton,cutebot,0.8015202283859253,0.6251245141029358,1.045704960823059
1761841098,cutebot_singleton,cutebot,0.7576627135276794,0.6171788573265076,1.0312875509262085
1761841099,cutebot_singleton,cutebot,0.7701568007469177,0.6166079640388489,1.02937912940979
1761841099,cutebot_singleton,cutebot,0.7779486179351807,0.6174365878105164,1.0295562744140625
1761841099,cutebot_singleton,cutebot,0.7742739915847778,0.6193100810050964,1.0338999032974243
1761841100,cutebot_singleton,cutebot,0.7788316011428833,0.6230211853981018,1.0398898124694824
1761841101,cutebot_singleton,cutebot,0.7866495847702026,0.6243500113487244,1.0434683561325073
1761841101,cutebot_singleton,cutebot,0.7864465117454529,0.6201216578483582,1.0370763540267944
1761841101,cutebot_singleton,cutebot,0.8388822674751282,0.6208863258361816,1.0455224514007568
1761841102,cutebot_singleton,cutebot,0.7985860109329224,0.6081334948539734,1.0439707040786743
1761841102,cutebot_singleton,cutebot,0.7435603141784668,0.6055672764778137,1.042546033859253
1761841102,cutebot_singleton,cutebot,0.8108697533607483,0.6166792511940002,1.0616735219955444
1761841103,cutebot_singleton,cutebot,0.8194549083709717,0.6215308308601379,1.0722349882125854
1761841103,cutebot_singleton,cutebot,0.8237557411193848,0.6234181523323059,1.0804107189178467
1761841104,cutebot_singleton,cutebot,0.8226015567779541,0.6238527894020081,1.0819090604782104
1761841104,cutebot_singleton,cutebot,0.822762131690979,0.6239141225814819,1.0814687013626099
1761841104,cutebot_singleton,cutebot,0.8103641867637634,0.6251661777496338,1.0858776569366455
1761841105,cutebot_singleton,cutebot,0.8104411959648132,0.6259008049964905,1.0885814428329468
1761841105,cutebot_singleton,cutebot,0.8137551546096802,0.6264657974243164,1.0907366275787354
1761841105,cutebot_singleton,cutebot,0.8147063255310059,0.6269906163215637,1.0918227434158325
1761841106,cutebot_singleton,cutebot,0.8137668967247009,0.6274063587188721,1.0924265384674072
1761841106,cutebot_singleton,cutebot,0.8123916983604431,0.6268054842948914,1.090668797492981
1761841106,cutebot_singleton,cutebot,0.811286449432373,0.6265600323677063,1.0898470878601074
1761841106,cutebot_singleton,cutebot,0.8131798505783081,0.625663161277771,1.085024118423462
1761841107,cutebot_singleton,cutebot,0.8129287958145142,0.6254487633705139,1.0830861330032349
1761841107,cutebot_singleton,cutebot,0.8129733800888062,0.6252814531326294,1.0821641683578491
1761841107,cutebot_singleton,cutebot,0.8122085928916931,0.6253137588500977,1.0816781520843506
1761841107,cutebot_singleton,cutebot,0.8117659091949463,0.6249927878379822,1.08094322681427
1761841108,cutebot_singleton,cutebot,0.8109979629516602,0.6249852180480957,1.0806548595428467
1761841108,cutebot_singleton,cutebot,0.8152910470962524,0.6248360872268677,1.080653429031372
1761841108,cutebot_singleton,cutebot,0.8164433836936951,0.6246262192726135,1.0803418159484863
1761841109,cutebot_singleton,cutebot,0.807777464389801,0.625432550907135,1.0793583393096924
1761841139,cutebot_singleton,cutebot,0.8062172532081604,0.6258856654167175,1.0792014598846436
1761841170,cutebot_singleton,cutebot,0.7951443195343018,0.6260791420936584,1.0768444538116455
1761841170,cutebot_singleton,cutebot,0.7915147542953491,0.626048743724823,1.07579505443573
1761841171,cutebot_singleton,cutebot,0.7912572026252747,0.6261616945266724,1.0769034624099731
1761841171,cutebot_singleton,cutebot,0.7931739091873169,0.626028299331665,1.076431393623352
1761841171,cutebot_singleton,cutebot,0.7927767038345337,0.6259752511978149,1.0768433809280396
1761841172,cutebot_singleton,cutebot,0.793511688709259,0.6261564493179321,1.0775344371795654
1761841172,cutebot_singleton,cutebot,0.8025175333023071,0.62726229429245,1.0886353254318237
1761865275,cutebot_singleton,cutebot,0.8964237570762634,0.6279380321502686,1.1024081707000732
1761865276,cutebot_singleton,cutebot,0.8965834975242615,0.628048837184906,1.1030884981155396
1761865277,cutebot_singleton,cutebot,0.8967541456222534,0.6283467411994934,1.1033496856689453
1761865277,cutebot_singleton,cutebot,0.8978520035743713,0.6286361813545227,1.1046010255813599
1761865277,cutebot_singleton,cutebot,0.897693932056427,0.6286718249320984,1.1049834489822388
1761865277,cutebot_singleton,cutebot,0.8976643681526184,0.6286181807518005,1.1048343181610107
1761865278,cutebot_singleton,cutebot,0.8972534537315369,0.6285134553909302,1.104953408241272
1761865278,cutebot_singleton,cutebot,0.8992416262626648,0.6278352737426758,1.1042706966400146
1761865278,cutebot_singleton,cutebot,0.8972733616828918,0.6277084946632385,1.1039146184921265
1761865279,cutebot_singleton,cutebot,0.8979952931404114,0.6281198859214783,1.103956937789917
1761865279,cutebot_singleton,cutebot,0.8975412249565125,0.6283609867095947,1.1041326522827148
1761865279,cutebot_singleton,cutebot,0.8986726999282837,0.6283562779426575,1.1040838956832886
1761865279,cutebot_singleton,cutebot,0.8994114398956299,0.6280735731124878,1.1038051843643188
1761865280,cutebot_singleton,cutebot,0.8998458981513977,0.6280129551887512,1.103692889213562
1761865280,cutebot_singleton,cutebot,0.8995364904403687,0.6279988884925842,1.1041309833526611
1761865280,cutebot_singleton,cutebot,0.8945558667182922,0.6284471750259399,1.1070897579193115
1761865281,cutebot_singleton,cutebot,0.895218551158905,0.6284806132316589,1.1082136631011963
1761865281,cutebot_singleton,cutebot,0.8964182734489441,0.6289445161819458,1.107653260231018
1761865281,cutebot_singleton,cutebot,0.8971761465072632,0.6290534138679504,1.1069087982177734
1761865282,cutebot_singleton,cutebot,0.8968779444694519,0.6290456056594849,1.1056777238845825
1761865282,cutebot_singleton,cutebot,0.8971996903419495,0.6293351650238037,1.1061460971832275
1761865282,cutebot_singleton,cutebot,0.8969936370849609,0.6293829083442688,1.1057093143463135
1761865283,cutebot_singleton,cutebot,0.8969594836235046,0.6292237639427185,1.1052402257919312
1761865283,cutebot_singleton,cutebot,0.8960309028625488,0.6293416619300842,1.105202555656433
1761865283,cutebot_singleton,cutebot,0.8966841101646423,0.6293540596961975,1.105687141418457
1761865284,cutebot_singleton,cutebot,0.8973568677902222,0.6293171048164368,1.105827808380127
1761865284,cutebot_singleton,cutebot,0.8969694375991821,0.6290639042854309,1.1057045459747314
1761865284,cutebot_singleton,cutebot,0.8970504999160767,0.6291162967681885,1.105879783630371
1761865285,cutebot_singleton,cutebot,0.898306667804718,0.6291680932044983,1.1061863899230957
1761865285,cutebot_singleton,cutebot,0.8993055820465088,0.629218339920044,1.1063305139541626
1761865285,cutebot_singleton,cutebot,0.8939265608787537,0.6281682848930359,1.10444176197052
1761865286,cutebot_singleton,cutebot,0.8938598036766052,0.6281088590621948,1.1044132709503174
1761865286,cutebot_singleton,cutebot,0.8943445086479187,0.6284621953964233,1.1053801774978638
1761865286,cutebot_singleton,cutebot,0.8943143486976624,0.6287518739700317,1.105889081954956
1761865286,cutebot_singleton,cutebot,0.8937098979949951,0.6288759708404541,1.105216145515442
1761865287,cutebot_singleton,cutebot,0.8931931853294373,0.6289529800415039,1.1047674417495728
1761865287,cutebot_singleton,cutebot,0.8945333361625671,0.6289523839950562,1.1051042079925537
1761865287,cutebot_singleton,cutebot,0.8962631225585938,0.6288773417472839,1.1051549911499023
1761865288,cutebot_singleton,cutebot,0.895914614200592,0.6287320256233215,1.1050101518630981
1761865288,cutebot_singleton,cutebot,0.8961828947067261,0.6283467411994934,1.1052145957946777
1761865288,cutebot_singleton,cutebot,0.8980615735054016,0.6281151175498962,1.105424165725708
1761865288,cutebot_singleton,cutebot,0.899310827255249,0.6281258463859558,1.104946494102478
1761865289,cutebot_singleton,cutebot,0.899440348148346,0.6282604336738586,1.105302095413208
1761865289,cutebot_singleton,cutebot,0.8997853398323059,0.6282222270965576,1.1055153608322144
1761865289,cutebot_singleton,cutebot,0.8993484377861023,0.6281842589378357,1.1055326461791992
1761865290,cutebot_singleton,cutebot,0.8911705613136292,0.6288622617721558,1.1079967021942139
1761865290,cutebot_singleton,cutebot,0.8913751840591431,0.6290714144706726,1.108559250831604
1761865290,cutebot_singleton,cutebot,0.8932023644447327,0.6292338967323303,1.108628273010254
1761865290,cutebot_singleton,cutebot,0.8954352736473083,0.6289840340614319,1.1086065769195557
1761865291,cutebot_singleton,cutebot,0.8954702615737915,0.6288503408432007,1.108573079109192
1761865291,cutebot_singleton,cutebot,0.897016704082489,0.6287466883659363,1.1081340312957764
1761865291,cutebot_singleton,cutebot,0.8965535759925842,0.6287415623664856,1.1075912714004517
1761865292,cutebot_singleton,cutebot,0.8965266346931458,0.6286822557449341,1.107649326324463
1761865322,cutebot_singleton,cutebot,0.8978047370910645,0.6287652850151062,1.1074870824813843
1761865352,cutebot_singleton,cutebot,0.896826446056366,0.6289958357810974,1.1071618795394897
1761865353,cutebot_singleton,cutebot,0.8968332409858704,0.6289122700691223,1.1068423986434937
1761865353,cutebot_singleton,cutebot,0.8956612348556519,0.6288886070251465,1.1070390939712524
1761865353,cutebot_singleton,cutebot,0.8959604501724243,0.6287009716033936,1.106209397315979
1761865353,cutebot_singleton,cutebot,0.8953924775123596,0.6286832094192505,1.1058958768844604
1761865354,cutebot_singleton,cutebot,0.8950371146202087,0.6288618445396423,1.1057472229003906
1761865354,cutebot_singleton,cutebot,0.9010800123214722,0.6289377808570862,1.1076549291610718
1761865395,cutebot_singleton,cutebot,0.8969595432281494,0.5795707106590271,1.2007023096084595
1761865396,cutebot_singleton,cutebot,0.8972071409225464,0.5799834728240967,1.2013143301010132
1761865396,cutebot_singleton,cutebot,0.8993151783943176,0.5796588659286499,1.2009810209274292
1761865396,cutebot_singleton,cutebot,0.8989816308021545,0.579754114151001,1.203016757965088
1761865397,cutebot_singleton,cutebot,0.8990510106086731,0.5799040198326111,1.203519582748413
1761865397,cutebot_singleton,cutebot,0.8979078531265259,0.5801997780799866,1.2036622762680054
1761865397,cutebot_singleton,cutebot,0.8971328139305115,0.5802714824676514,1.2037993669509888
1761865397,cutebot_singleton,cutebot,0.8968155980110168,0.5804322361946106,1.203967571258545
1761865398,cutebot_singleton,cutebot,0.8977455496788025,0.5805750489234924,1.2042168378829956
1761865398,cutebot_singleton,cutebot,0.897477388381958,0.5806281566619873,1.2037923336029053
1761865398,cutebot_singleton,cutebot,0.8974377512931824,0.5806463360786438,1.203259825706482
1761865399,cutebot_singleton,cutebot,0.8981759548187256,0.580630362033844,1.203220009803772
1761865399,cutebot_singleton,cutebot,0.8985881805419922,0.5806819200515747,1.2036054134368896
1761865399,cutebot_singleton,cutebot,0.8994999527931213,0.5805953741073608,1.2036291360855103
1761865400,cutebot_singleton,cutebot,0.8989577293395996,0.5804587602615356,1.20332932472229
1761865400,cutebot_singleton,cutebot,0.894530177116394,0.5812788009643555,1.2110462188720703
1761865401,cutebot_singleton,cutebot,0.8961659669876099,0.581640899181366,1.2141649723052979
1761865401,cutebot_singleton,cutebot,0.8980695605278015,0.5816141366958618,1.2154526710510254
1761865402,cutebot_singleton,cutebot,0.8984553217887878,0.5813656449317932,1.2143707275390625
1761865402,cutebot_singleton,cutebot,0.898239254951477,0.5812012553215027,1.2137571573257446
1761865403,cutebot_singleton,cutebot,0.8983388543128967,0.5811652541160583,1.2137383222579956
1761865403,cutebot_singleton,cutebot,0.8985127210617065,0.5809597969055176,1.2133182287216187
1761865403,cutebot_singleton,cutebot,0.8989759683609009,0.5807486176490784,1.2131413221359253
1761865403,cutebot_singleton,cutebot,0.8989322185516357,0.5807188153266907,1.2132604122161865
1761865404,cutebot_singleton,cutebot,0.8997675776481628,0.5804694294929504,1.2127234935760498
1761865404,cutebot_singleton,cutebot,0.9001869559288025,0.5804559588432312,1.2124760150909424
1761865404,cutebot_singleton,cutebot,0.9009042978286743,0.5804474949836731,1.2121591567993164
1761865404,cutebot_singleton,cutebot,0.9006950259208679,0.5802683234214783,1.2122248411178589
1761865405,cutebot_singleton,cutebot,0.9000492095947266,0.5802350640296936,1.2119351625442505
1761865405,cutebot_singleton,cutebot,0.8996774554252625,0.5801923871040344,1.2114990949630737
1761865405,cutebot_singleton,cutebot,0.8927848935127258,0.5810731053352356,1.207635760307312
1761865406,cutebot_singleton,cutebot,0.8927992582321167,0.5813464522361755,1.205552101135254
1761865406,cutebot_singleton,cutebot,0.8959207534790039,0.5813259482383728,1.2045522928237915
1761865406,cutebot_singleton,cutebot,0.8961712121963501,0.5812109112739563,1.2041703462600708
1761865406,cutebot_singleton,cutebot,0.8974368572235107,0.5807911157608032,1.2034943103790283
1761865407,cutebot_singleton,cutebot,0.8980361819267273,0.5807610154151917,1.2040224075317383
1761865407,cutebot_singleton,cutebot,0.8984076380729675,0.5807306170463562,1.204560399055481
1761865407,cutebot_singleton,cutebot,0.897263765335083,0.5806591510772705,1.2047673463821411
1761865407,cutebot_singleton,cutebot,0.8977961540222168,0.5805627107620239,1.204075574874878
1761865408,cutebot_singleton,cutebot,0.8978450894355774,0.5806581377983093,1.2038044929504395
1761865408,cutebot_singleton,cutebot,0.8985856771469116,0.5808275938034058,1.204268217086792
1761865408,cutebot_singleton,cutebot,0.8980050086975098,0.5808621644973755,1.204324722290039
1761865409,cutebot_singleton,cutebot,0.8981096148490906,0.5807528495788574,1.2045018672943115
1761865409,cutebot_singleton,cutebot,0.8981634974479675,0.5808436870574951,1.2047302722930908
1761865409,cutebot_singleton,cutebot,0.897369921207428,0.5807324647903442,1.2045742273330688
1761865409,cutebot_singleton,cutebot,0.8968021869659424,0.5798638463020325,1.2035828828811646
1761865410,cutebot_singleton,cutebot,0.8965180516242981,0.5795976519584656,1.2035855054855347
1761865410,cutebot_singleton,cutebot,0.8963562250137329,0.5793574452400208,1.2034952640533447
1761865410,cutebot_singleton,cutebot,0.8956175446510315,0.5794161558151245,1.2036720514297485
1761865410,cutebot_singleton,cutebot,0.8962575793266296,0.5794453620910645,1.2040998935699463
1761865411,cutebot_singleton,cutebot,0.8946751356124878,0.5792530179023743,1.2038863897323608
1761865411,cutebot_singleton,cutebot,0.8952339291572571,0.5791411399841309,1.2041406631469727
1761865411,cutebot_singleton,cutebot,0.8954114317893982,0.5791375041007996,1.2047150135040283
1761865442,cutebot_singleton,cutebot,0.8962733149528503,0.5791738629341125,1.2051353454589844
1761865472,cutebot_singleton,cutebot,0.8958663940429688,0.5791200399398804,1.2050875425338745
1761865473,cutebot_singleton,cutebot,0.8969489932060242,0.5790994763374329,1.2044390439987183
1761865474,cutebot_singleton,cutebot,0.8957708477973938,0.5792142748832703,1.2045073509216309
1761865475,cutebot_singleton,cutebot,0.8953512907028198,0.5791579484939575,1.2046544551849365
1761865476,cutebot_singleton,cutebot,0.894329845905304,0.579049289226532,1.204621434211731
1761865476,cutebot_singleton,cutebot,0.8953869342803955,0.5787642598152161,1.2044150829315186
1761865476,cutebot_singleton,cutebot,0.8967152833938599,0.5803348422050476,1.2090425491333008
1761916021,cutebot_singleton,cutebot,0.8927217125892639,0.6329880952835083,1.0105571746826172
1761916022,cutebot_singleton,cutebot,0.8932881355285645,0.6330447793006897,1.0110752582550049
1761916023,cutebot_singleton,cutebot,0.8947285413742065,0.6334172487258911,1.0101537704467773
1761916023,cutebot_singleton,cutebot,0.8987262845039368,0.6334766149520874,1.0089150667190552
1761916023,cutebot_singleton,cutebot,0.9010123610496521,0.6334041953086853,1.0085309743881226
1761916024,cutebot_singleton,cutebot,0.9003826975822449,0.6330936551094055,1.0076234340667725
1761916024,cutebot_singleton,cutebot,0.8994738459587097,0.6329100728034973,1.0071254968643188
1761916025,cutebot_singleton,cutebot,0.8987671136856079,0.6328305006027222,1.00687837600708
1761916025,cutebot_singleton,cutebot,0.8997060060501099,0.6327486634254456,1.0069483518600464
1761916026,cutebot_singleton,cutebot,0.9006123542785645,0.6325827836990356,1.006447672843933
1761916026,cutebot_singleton,cutebot,0.9014179706573486,0.632912814617157,1.0073837041854858
1761916026,cutebot_singleton,cutebot,0.9018430113792419,0.6330446600914001,1.0080612897872925
1761916027,cutebot_singleton,cutebot,0.9008051156997681,0.6330353021621704,1.00868558883667
1761916027,cutebot_singleton,cutebot,0.901498556137085,0.6332080364227295,1.009178638458252
1761916027,cutebot_singleton,cutebot,0.9008344411849976,0.6332955360412598,1.0100716352462769
1761916028,cutebot_singleton,cutebot,0.899618923664093,0.6356449723243713,1.0128718614578247
1761916028,cutebot_singleton,cutebot,0.9004364013671875,0.6363887190818787,1.0135455131530762
1761916028,cutebot_singleton,cutebot,0.9002522230148315,0.6367490887641907,1.014026403427124
1761916028,cutebot_singleton,cutebot,0.8982738852500916,0.6367762684822083,1.0136069059371948
1761916029,cutebot_singleton,cutebot,0.8982952237129211,0.636908233165741,1.0139511823654175
1761916029,cutebot_singleton,cutebot,0.8976997137069702,0.6368953585624695,1.014156460762024
1761916029,cutebot_singleton,cutebot,0.8983956575393677,0.6365224123001099,1.013551950454712
1761916030,cutebot_singleton,cutebot,0.8966373205184937,0.6362701654434204,1.0140645503997803
1761916030,cutebot_singleton,cutebot,0.8976678252220154,0.6362361311912537,1.0138062238693237
1761916030,cutebot_singleton,cutebot,0.9001801013946533,0.6358607411384583,1.0120315551757812
1761916031,cutebot_singleton,cutebot,0.8999277353286743,0.6357507705688477,1.0113099813461304
1761916031,cutebot_singleton,cutebot,0.8990390300750732,0.6358327865600586,1.011857032775879
1761916031,cutebot_singleton,cutebot,0.897718071937561,0.6352552771568298,1.0108113288879395
1761916032,cutebot_singleton,cutebot,0.8963828682899475,0.6350498795509338,1.0107263326644897
1761916032,cutebot_singleton,cutebot,0.8983039855957031,0.6349847316741943,1.0110610723495483
1761916032,cutebot_singleton,cutebot,0.8875590562820435,0.6335291266441345,1.0099819898605347
1761916033,cutebot_singleton,cutebot,0.8887304663658142,0.633220911026001,1.0099400281906128
1761916033,cutebot_singleton,cutebot,0.8902454376220703,0.6330406665802002,1.0100101232528687
1761916033,cutebot_singleton,cutebot,0.88942950963974,0.6334229707717896,1.011098861694336
1761916033,cutebot_singleton,cutebot,0.8881784081459045,0.6333564519882202,1.011050820350647
1761916034,cutebot_singleton,cutebot,0.8916102647781372,0.6334623694419861,1.0109217166900635
1761916034,cutebot_singleton,cutebot,0.892033576965332,0.6334744691848755,1.0110551118850708
1761916034,cutebot_singleton,cutebot,0.8931384086608887,0.6335449814796448,1.0113496780395508
1761916035,cutebot_singleton,cutebot,0.8910614252090454,0.6332982778549194,1.011029839515686
1761916035,cutebot_singleton,cutebot,0.8920005559921265,0.6330338716506958,1.0102368593215942
1761916035,cutebot_singleton,cutebot,0.8923712968826294,0.6330603957176208,1.0099419355392456
1761916035,cutebot_singleton,cutebot,0.8936245441436768,0.6332041025161743,1.0099897384643555
1761916036,cutebot_singleton,cutebot,0.8956040143966675,0.6333921551704407,1.0105620622634888
1761916036,cutebot_singleton,cutebot,0.8945358395576477,0.6334407925605774,1.0099643468856812
1761916036,cutebot_singleton,cutebot,0.8960908055305481,0.6332014203071594,1.0087971687316895
1761916036,cutebot_singleton,cutebot,0.9005488753318787,0.634393036365509,1.0108510255813599
1761916037,cutebot_singleton,cutebot,0.9008316397666931,0.6347042322158813,1.011406660079956
1761916037,cutebot_singleton,cutebot,0.9001204967498779,0.6347547769546509,1.0127370357513428
1761916037,cutebot_singleton,cutebot,0.8999392986297607,0.6349436044692993,1.0127458572387695
1761916038,cutebot_singleton,cutebot,0.8996037840843201,0.6346420049667358,1.0111445188522339
1761916038,cutebot_singleton,cutebot,0.8980563879013062,0.6344783902168274,1.0099228620529175
1761916038,cutebot_singleton,cutebot,0.8985356092453003,0.6341957449913025,1.008150339126587
1761916038,cutebot_singleton,cutebot,0.8986960649490356,0.6343340277671814,1.0079718828201294
1761916069,cutebot_singleton,cutebot,0.8997668027877808,0.634546160697937,1.0089162588119507
1761916099,cutebot_singleton,cutebot,0.8993459343910217,0.634556770324707,1.0094640254974365
1761916100,cutebot_singleton,cutebot,0.8994469046592712,0.6346197724342346,1.0100609064102173
1761916100,cutebot_singleton,cutebot,0.8989018797874451,0.6346776485443115,1.0104135274887085
1761916100,cutebot_singleton,cutebot,0.9005919694900513,0.6348384618759155,1.0106967687606812
1761916100,cutebot_singleton,cutebot,0.9007467031478882,0.6349117159843445,1.0103999376296997
1761916101,cutebot_singleton,cutebot,0.9022254347801208,0.6349754333496094,1.0106762647628784
1761916101,cutebot_singleton,cutebot,0.9036627411842346,0.634383499622345,1.0136783123016357
1761916144,cutebot_singleton,cutebot,0.9089811444282532,0.8042065501213074,1.0158034563064575
1761916145,cutebot_singleton,cutebot,0.9095295071601868,0.8043739795684814,1.0160859823226929
1761916146,cutebot_singleton,cutebot,0.909075915813446,0.8044593930244446,1.0157463550567627
1761916146,cutebot_singleton,cutebot,0.9110576510429382,0.8042000532150269,1.0131505727767944
1761916147,cutebot_singleton,cutebot,0.9105861186981201,0.803839385509491,1.011099934577942
1761916147,cutebot_singleton,cutebot,0.9097638726234436,0.8035191297531128,1.0111145973205566
1761916147,cutebot_singleton,cutebot,0.9094021916389465,0.8033249974250793,1.01116943359375
1761916148,cutebot_singleton,cutebot,0.9081925749778748,0.8034018874168396,1.0118789672851562
1761916148,cutebot_singleton,cutebot,0.9076917171478271,0.8036198616027832,1.0131956338882446
1761916148,cutebot_singleton,cutebot,0.9075073599815369,0.8036933541297913,1.0134867429733276
1761916149,cutebot_singleton,cutebot,0.9067028164863586,0.8038782477378845,1.0147660970687866
1761916149,cutebot_singleton,cutebot,0.9066012501716614,0.8038293719291687,1.015213131904602
1761916149,cutebot_singleton,cutebot,0.9068512320518494,0.803845226764679,1.0142300128936768
1761916150,cutebot_singleton,cutebot,0.9072401523590088,0.8039034008979797,1.0140107870101929
1761916150,cutebot_singleton,cutebot,0.907664954662323,0.803920328617096,1.0143734216690063
1761916150,cutebot_singleton,cutebot,0.9117423892021179,0.8051432371139526,1.0201764106750488
1761916151,cutebot_singleton,cutebot,0.911139190196991,0.8053741455078125,1.020205020904541
1761916151,cutebot_singleton,cutebot,0.9080828428268433,0.8053556084632874,1.0204311609268188
1761916152,cutebot_singleton,cutebot,0.907936155796051,0.8052226901054382,1.0203437805175781
1761916152,cutebot_singleton,cutebot,0.9074525833129883,0.805152416229248,1.0194605588912964
1761916152,cutebot_singleton,cutebot,0.9067362546920776,0.805094301700592,1.0192784070968628
1761916153,cutebot_singleton,cutebot,0.9084669947624207,0.8043233156204224,1.0152019262313843
1761916153,cutebot_singleton,cutebot,0.9083258509635925,0.8043410181999207,1.0146732330322266
1761916154,cutebot_singleton,cutebot,0.910064697265625,0.8043988943099976,1.0153398513793945
1761916154,cutebot_singleton,cutebot,0.9098726511001587,0.8045610785484314,1.0161402225494385
1761916154,cutebot_singleton,cutebot,0.90982586145401,0.8045622110366821,1.0162708759307861
1761916155,cutebot_singleton,cutebot,0.9102667570114136,0.8045691251754761,1.016507625579834
1761916155,cutebot_singleton,cutebot,0.9103294014930725,0.8046321868896484,1.0166819095611572
1761916155,cutebot_singleton,cutebot,0.9103268384933472,0.8046485781669617,1.016762375831604
1761916155,cutebot_singleton,cutebot,0.9102182984352112,0.8045860528945923,1.0175100564956665
1761916156,cutebot_singleton,cutebot,0.9124770760536194,0.8056462407112122,1.0138851404190063
1761916156,cutebot_singleton,cutebot,0.9124391674995422,0.8061056137084961,1.012635350227356
1761916156,cutebot_singleton,cutebot,0.9132516384124756,0.8059912323951721,1.0130378007888794
1761916157,cutebot_singleton,cutebot,0.9136550426483154,0.8061091899871826,1.014068603515625
1761916157,cutebot_singleton,cutebot,0.9138683676719666,0.8058637380599976,1.0138787031173706
1761916157,cutebot_singleton,cutebot,0.9142590165138245,0.8055558800697327,1.012071132659912
1761916158,cutebot_singleton,cutebot,0.9135401248931885,0.8056838512420654,1.0115290880203247
1761916158,cutebot_singleton,cutebot,0.912639856338501,0.8056151270866394,1.0102031230926514
1761916158,cutebot_singleton,cutebot,0.9124999046325684,0.8055953979492188,1.0093846321105957
1761916158,cutebot_singleton,cutebot,0.9117560386657715,0.8056719303131104,1.0098159313201904
1761916159,cutebot_singleton,cutebot,0.9118307828903198,0.8056634068489075,1.010046362876892
1761916159,cutebot_singleton,cutebot,0.911325216293335,0.8055298924446106,1.0095776319503784
1761916159,cutebot_singleton,cutebot,0.910545289516449,0.8050627112388611,1.0084038972854614
1761916159,cutebot_singleton,cutebot,0.910346269607544,0.8050225377082825,1.0081332921981812
1761916160,cutebot_singleton,cutebot,0.9094894528388977,0.805111289024353,1.0082168579101562
1761916160,cutebot_singleton,cutebot,0.9091220498085022,0.8036268949508667,0.9980449080467224
1761916160,cutebot_singleton,cutebot,0.9092189073562622,0.8049047589302063,1.009867787361145
1761916160,cutebot_singleton,cutebot,0.9091958999633789,0.8035053610801697,0.999119222164154
1761916161,cutebot_singleton,cutebot,0.90837562084198,0.8027981519699097,0.9943021535873413
1761916161,cutebot_singleton,cutebot,0.9091400504112244,0.8045774102210999,1.0080204010009766
1761916161,cutebot_singleton,cutebot,0.9084877371788025,0.8052341341972351,1.0131901502609253
1761916161,cutebot_singleton,cutebot,0.9092692732810974,0.8037449717521667,1.0000348091125488
1761916162,cutebot_singleton,cutebot,0.9089444279670715,0.8033183217048645,0.9959594011306763
1761916192,cutebot_singleton,cutebot,0.9086782932281494,0.8030772805213928,0.9946591258049011
1761916222,cutebot_singleton,cutebot,0.9100885391235352,0.8032135963439941,0.9946941137313843
1761916223,cutebot_singleton,cutebot,0.9109562635421753,0.8032399415969849,0.994462251663208
1761916223,cutebot_singleton,cutebot,0.9100321531295776,0.8032175302505493,0.9941214919090271
1761916223,cutebot_singleton,cutebot,0.9092076420783997,0.8032054901123047,0.9943146109580994
1761916223,cutebot_singleton,cutebot,0.9081616997718811,0.8031309247016907,0.9942328333854675
1761916224,cutebot_singleton,cutebot,0.9090563058853149,0.8030964136123657,0.9940518140792847
1761916224,cutebot_singleton,cutebot,0.9119775891304016,0.8058646321296692,1.0130196809768677
1761919364,cutebot_singleton,cutebot,0.9316494464874268,1.1173584461212158,0.9027594327926636
1761919365,cutebot_singleton,cutebot,0.9319126605987549,1.117006540298462,0.9024372100830078
1761919366,cutebot_singleton,cutebot,0.93250572681427,1.1158390045166016,0.9000656604766846
1761919366,cutebot_singleton,cutebot,0.9320034384727478,1.115791916847229,0.9001739621162415
1761919367,cutebot_singleton,cutebot,0.9318835735321045,1.115592122077942,0.9004573225975037
1761919367,cutebot_singleton,cutebot,0.9318168759346008,1.1154142618179321,0.9005259275436401
1761919367,cutebot_singleton,cutebot,0.9324005246162415,1.1154580116271973,0.9000623226165771
1761919368,cutebot_singleton,cutebot,0.9320715665817261,1.1157609224319458,0.9001020193099976
1761919368,cutebot_singleton,cutebot,0.9327370524406433,1.1157898902893066,0.8990601301193237
1761919369,cutebot_singleton,cutebot,0.9326794147491455,1.1158567667007446,0.8986636400222778
1761919369,cutebot_singleton,cutebot,0.9331890344619751,1.1157324314117432,0.8985480070114136
1761919369,cutebot_singleton,cutebot,0.9332890510559082,1.115632176399231,0.8984667062759399
1761919370,cutebot_singleton,cutebot,0.932979166507721,1.1156988143920898,0.8985239863395691
1761919370,cutebot_singleton,cutebot,0.9328893423080444,1.1157190799713135,0.8983822464942932
1761919370,cutebot_singleton,cutebot,0.9332861304283142,1.1155996322631836,0.8983957171440125
1761919371,cutebot_singleton,cutebot,0.9279791116714478,1.1148600578308105,0.9018828272819519
1761919371,cutebot_singleton,cutebot,0.9284045100212097,1.1144311428070068,0.9028306007385254
1761919371,cutebot_singleton,cutebot,0.9345415234565735,1.1151772737503052,0.9132991433143616
1761919372,cutebot_singleton,cutebot,0.931161105632782,1.115464448928833,0.9172728657722473
1761919372,cutebot_singleton,cutebot,0.9304476380348206,1.115469217300415,0.9186953902244568
1761919372,cutebot_singleton,cutebot,0.9297029972076416,1.1154406070709229,0.9193544983863831
1761919373,cutebot_singleton,cutebot,0.9279733300209045,1.1145365238189697,0.9084733128547668
1761919373,cutebot_singleton,cutebot,0.9287529587745667,1.1145751476287842,0.90414959192276
1761919373,cutebot_singleton,cutebot,0.9282662272453308,1.1144026517868042,0.9022205471992493
1761919374,cutebot_singleton,cutebot,0.9286284446716309,1.114313006401062,0.9011704325675964
1761919374,cutebot_singleton,cutebot,0.928803026676178,1.1141471862792969,0.9005144834518433
1761919374,cutebot_singleton,cutebot,0.9285140037536621,1.1140656471252441,0.9002761840820312
1761919374,cutebot_singleton,cutebot,0.9279347658157349,1.1144287586212158,0.9001198410987854
1761919375,cutebot_singleton,cutebot,0.9285484552383423,1.1145098209381104,0.900300145149231
1761919375,cutebot_singleton,cutebot,0.9283453226089478,1.1145426034927368,0.9004877209663391
1761919375,cutebot_singleton,cutebot,0.9308716058731079,1.1144460439682007,0.9046710133552551
1761919376,cutebot_singleton,cutebot,0.9314678907394409,1.1141973733901978,0.9056819081306458
1761919376,cutebot_singleton,cutebot,0.9307906031608582,1.1140691041946411,0.9059337377548218
1761919377,cutebot_singleton,cutebot,0.9310612678527832,1.1136833429336548,0.9057496190071106
1761919377,cutebot_singleton,cutebot,0.9313751459121704,1.113615870475769,0.9053341150283813
1761919377,cutebot_singleton,cutebot,0.930279552936554,1.1135777235031128,0.9046374559402466
1761919378,cutebot_singleton,cutebot,0.9301514625549316,1.1136952638626099,0.904529333114624
1761919378,cutebot_singleton,cutebot,0.9300056099891663,1.1137948036193848,0.9045023322105408
1761919378,cutebot_singleton,cutebot,0.9290096759796143,1.1136668920516968,0.904407262802124
1761919378,cutebot_singleton,cutebot,0.9281935691833496,1.1135594844818115,0.9043504595756531
1761919379,cutebot_singleton,cutebot,0.9277122616767883,1.1132709980010986,0.903779149055481
1761919379,cutebot_singleton,cutebot,0.9276687502861023,1.1131707429885864,0.9035667181015015
1761919379,cutebot_singleton,cutebot,0.9276959300041199,1.1133692264556885,0.9029650092124939
1761919380,cutebot_singleton,cutebot,0.9266316294670105,1.11344313621521,0.9026358723640442
1761919380,cutebot_singleton,cutebot,0.9271095991134644,1.1136116981506348,0.902723491191864
1761919381,cutebot_singleton,cutebot,0.9372714161872864,1.1147873401641846,0.9128770232200623
1761919381,cutebot_singleton,cutebot,0.937843918800354,1.1151623725891113,0.9170259237289429
1761919381,cutebot_singleton,cutebot,0.9276525378227234,1.1150983572006226,0.9073906540870667
1761919381,cutebot_singleton,cutebot,0.9281999468803406,1.1148490905761719,0.9030782580375671
1761919382,cutebot_singleton,cutebot,0.9271636009216309,1.1146128177642822,0.9011631011962891
1761919382,cutebot_singleton,cutebot,0.928883969783783,1.1145886182785034,0.9001398086547852
1761919382,cutebot_singleton,cutebot,0.9281060695648193,1.114484190940857,0.8992063999176025
1761919383,cutebot_singleton,cutebot,0.9278181195259094,1.1147105693817139,0.8987998962402344
1761919413,cutebot_singleton,cutebot,0.9286413788795471,1.114780306816101,0.8985154628753662
1761919443,cutebot_singleton,cutebot,0.9288255572319031,1.1147505044937134,0.8983607888221741
1761919444,cutebot_singleton,cutebot,0.9289952516555786,1.1146597862243652,0.8982080817222595
1761919444,cutebot_singleton,cutebot,0.9293893575668335,1.1147236824035645,0.8986459374427795
1761919444,cutebot_singleton,cutebot,0.9291357398033142,1.114923119544983,0.897925853729248
1761919445,cutebot_singleton,cutebot,0.929241955280304,1.1150009632110596,0.8974672555923462
1761919445,cutebot_singleton,cutebot,0.9296255111694336,1.114970088005066,0.8974723219871521
1761919445,cutebot_singleton,cutebot,0.9296404719352722,1.116032600402832,0.8991820216178894
1761919525,cutebot_singleton,cutebot,0.9126663208007812,0.5419562458992004,1.101875901222229
1761919526,cutebot_singleton,cutebot,0.9141280055046082,0.5422199964523315,1.1029471158981323
1761919526,cutebot_singleton,cutebot,0.9098853468894958,0.5415133833885193,1.1022497415542603
1761919527,cutebot_singleton,cutebot,0.9093675017356873,0.5418751835823059,1.1031416654586792
1761919527,cutebot_singleton,cutebot,0.9095423221588135,0.5418266654014587,1.1028772592544556
1761919527,cutebot_singleton,cutebot,0.9093507528305054,0.5419772863388062,1.1036720275878906
1761919527,cutebot_singleton,cutebot,0.9102239012718201,0.5420408248901367,1.1034390926361084
1761919528,cutebot_singleton,cutebot,0.9095751643180847,0.5424734354019165,1.1043504476547241
1761919528,cutebot_singleton,cutebot,0.9088493585586548,0.5422306656837463,1.103766918182373
1761919528,cutebot_singleton,cutebot,0.9108916521072388,0.5427968502044678,1.1040374040603638
1761919528,cutebot_singleton,cutebot,0.9098486304283142,0.5424551963806152,1.1031211614608765
1761919529,cutebot_singleton,cutebot,0.9115426540374756,0.5425736904144287,1.1032309532165527
1761919529,cutebot_singleton,cutebot,0.9127249717712402,0.5423205494880676,1.1026297807693481
1761919529,cutebot_singleton,cutebot,0.9122809767723083,0.5424549579620361,1.1027189493179321
1761919529,cutebot_singleton,cutebot,0.9144605398178101,0.5425543189048767,1.1020209789276123
1761919530,cutebot_singleton,cutebot,0.9063453674316406,0.5415935516357422,1.0996145009994507
1761919530,cutebot_singleton,cutebot,0.9052351713180542,0.5411145091056824,1.0983340740203857
1761919530,cutebot_singleton,cutebot,0.9075767993927002,0.5410215258598328,1.0981987714767456
1761919531,cutebot_singleton,cutebot,0.9067447185516357,0.5407446622848511,1.098167896270752
1761919531,cutebot_singleton,cutebot,0.9094192981719971,0.5405339598655701,1.0978986024856567
1761919531,cutebot_singleton,cutebot,0.9083357453346252,0.5404217839241028,1.0978111028671265
1761919531,cutebot_singleton,cutebot,0.910369336605072,0.5404649376869202,1.098634123802185
1761919532,cutebot_singleton,cutebot,0.9121578931808472,0.5406678318977356,1.0982482433319092
1761919532,cutebot_singleton,cutebot,0.9100550413131714,0.5406115055084229,1.0989452600479126
1761919532,cutebot_singleton,cutebot,0.9099623560905457,0.5402339696884155,1.0985064506530762
1761919532,cutebot_singleton,cutebot,0.9099939465522766,0.540290892124176,1.0988681316375732
1761919533,cutebot_singleton,cutebot,0.9105619192123413,0.5405093431472778,1.0983024835586548
1761919533,cutebot_singleton,cutebot,0.9101610779762268,0.5405192375183105,1.098795771598816
1761919533,cutebot_singleton,cutebot,0.9103308916091919,0.5403867363929749,1.0972405672073364
1761919534,cutebot_singleton,cutebot,0.9112232327461243,0.5405510067939758,1.0973330736160278
1761919534,cutebot_singleton,cutebot,0.9031086564064026,0.540059506893158,1.0952250957489014
1761919534,cutebot_singleton,cutebot,0.9035654664039612,0.5399715900421143,1.0949182510375977
1761919535,cutebot_singleton,cutebot,0.903276801109314,0.539614200592041,1.0955828428268433
1761919535,cutebot_singleton,cutebot,0.9038019776344299,0.5393522381782532,1.0959646701812744
1761919535,cutebot_singleton,cutebot,0.9036331176757812,0.539213240146637,1.0962741374969482
1761919535,cutebot_singleton,cutebot,0.9037894010543823,0.5413716435432434,1.098264217376709
1761919536,cutebot_singleton,cutebot,0.9038969874382019,0.54197096824646,1.0995129346847534
1761919536,cutebot_singleton,cutebot,0.9008973836898804,0.5419931411743164,1.099348783493042
1761919536,cutebot_singleton,cutebot,0.9010271430015564,0.5420675873756409,1.0999629497528076
1761919536,cutebot_singleton,cutebot,0.8995347619056702,0.5419263243675232,1.1000239849090576
1761919537,cutebot_singleton,cutebot,0.8998275399208069,0.5404072403907776,1.0977675914764404
1761919537,cutebot_singleton,cutebot,0.8993587493896484,0.5412655472755432,1.0990877151489258
1761919537,cutebot_singleton,cutebot,0.9003447890281677,0.5418004393577576,1.1001023054122925
1761919538,cutebot_singleton,cutebot,0.9020813703536987,0.5419228076934814,1.0996394157409668
1761919538,cutebot_singleton,cutebot,0.903385579586029,0.5422330498695374,1.0998353958129883
1761919539,cutebot_singleton,cutebot,0.9043278098106384,0.540739119052887,1.098172903060913
1761919539,cutebot_singleton,cutebot,0.9062303304672241,0.5404065847396851,1.0983715057373047
1761919539,cutebot_singleton,cutebot,0.9045556783676147,0.5398533940315247,1.0968551635742188
1761919540,cutebot_singleton,cutebot,0.9060242772102356,0.5398408770561218,1.0992201566696167
1761919540,cutebot_singleton,cutebot,0.9045237898826599,0.5394910573959351,1.0987153053283691
1761919541,cutebot_singleton,cutebot,0.9034939408302307,0.5392740964889526,1.0977174043655396
1761919541,cutebot_singleton,cutebot,0.904712975025177,0.5392698645591736,1.0985387563705444
1761919541,cutebot_singleton,cutebot,0.8994618654251099,0.538834810256958,1.0969125032424927
1761919572,cutebot_singleton,cutebot,0.8978383541107178,0.538697361946106,1.0964717864990234
1761919602,cutebot_singleton,cutebot,0.9036657214164734,0.5389450192451477,1.0954736471176147
1761919603,cutebot_singleton,cutebot,0.9028629660606384,0.5388146042823792,1.0951067209243774
1761919603,cutebot_singleton,cutebot,0.9042007923126221,0.5387979745864868,1.0952019691467285
1761919603,cutebot_singleton,cutebot,0.9059007167816162,0.5388808846473694,1.0953054428100586
1761919603,cutebot_singleton,cutebot,0.9051613211631775,0.5387409329414368,1.0950915813446045
1761919604,cutebot_singleton,cutebot,0.9054685831069946,0.5387424826622009,1.0953277349472046
1761919604,cutebot_singleton,cutebot,0.9048547744750977,0.5383335947990417,1.0978766679763794
1761919638,cutebot_singleton,cutebot,0.9377073645591736,0.7662823796272278,0.9648669958114624
1761919639,cutebot_singleton,cutebot,0.938331127166748,0.8558070659637451,0.913210928440094
1761919639,cutebot_singleton,cutebot,0.9384796619415283,0.8888230323791504,0.8950705528259277
1761919639,cutebot_singleton,cutebot,0.9367735981941223,0.8998304605484009,0.8897599577903748
1761919640,cutebot_singleton,cutebot,0.9365209341049194,0.9028151035308838,0.8887578248977661
1761919640,cutebot_singleton,cutebot,0.9366756677627563,0.9026250243186951,0.8889899849891663
1761919640,cutebot_singleton,cutebot,0.9367709755897522,0.9015028476715088,0.889777660369873
1761919641,cutebot_singleton,cutebot,0.9379288554191589,0.9002884030342102,0.8907281160354614
1761919641,cutebot_singleton,cutebot,0.937085747718811,0.8993275761604309,0.8916550874710083
1761919641,cutebot_singleton,cutebot,0.9370037913322449,0.8982283473014832,0.8925001621246338
1761919642,cutebot_singleton,cutebot,0.9358658194541931,0.8969503045082092,0.8930050730705261
1761919642,cutebot_singleton,cutebot,0.9368659853935242,0.8959934115409851,0.8933814167976379
1761919642,cutebot_singleton,cutebot,0.9369317889213562,0.8951229453086853,0.8937989473342896
1761919642,cutebot_singleton,cutebot,0.9371396899223328,0.8945051431655884,0.8951846361160278
1761919643,cutebot_singleton,cutebot,0.9367178678512573,0.8937525153160095,0.8956525921821594
1761919643,cutebot_singleton,cutebot,0.9365293979644775,0.8937130570411682,0.895888090133667
1761919643,cutebot_singleton,cutebot,0.9365397691726685,0.8931843042373657,0.8958233594894409
1761919643,cutebot_singleton,cutebot,0.9347818493843079,0.8927550911903381,0.8976736664772034
1761919644,cutebot_singleton,cutebot,0.9356554746627808,0.8923133611679077,0.8990026712417603
1761919644,cutebot_singleton,cutebot,0.9347140192985535,0.8918669819831848,0.9002746939659119
1761919644,cutebot_singleton,cutebot,0.9351946115493774,0.8917926549911499,0.9015907645225525
1761919645,cutebot_singleton,cutebot,0.9357423186302185,0.891650378704071,0.9017778635025024
1761919645,cutebot_singleton,cutebot,0.9353995323181152,0.8912153244018555,0.9018893837928772
1761919645,cutebot_singleton,cutebot,0.9355491399765015,0.8908636569976807,0.9018622040748596
1761919645,cutebot_singleton,cutebot,0.9352793097496033,0.8906940221786499,0.9019801616668701
1761919646,cutebot_singleton,cutebot,0.9349966645240784,0.8906713724136353,0.9017505645751953
